product,price
"Sponsored Ad - ARTIX CL750 On-Ear Headphones Wired with Mic — Noise Isolating Plug in Headphones, Computer Headphones with Microphone, Headphones for Laptop, Headphones Corded, Headphones with Cord (Aux Jack 3.5mm)",$35.00
"Sponsored Ad - RORSOU R10 On-Ear Headphones with Microphone, Lightweight Folding Stereo Bass Headphones with 1.5M No-Tangle Cord, Portable Wired Headphones for Smartphone Tablet Computer MP3 / 4 (Black)",$12.99
"JBL Tune 510BT - Bluetooth headphones with up to 40 hours battery, microphone for call, foldable and comfortable, Android and iOs compatible (Black)",$39.95
"BERIBES Bluetooth Headphones Over Ear, 65H Playtime and 6 EQ Music Modes Wireless Headphones with Microphone, HiFi Stereo Foldable Lightweight Headset, Deep Bass for Home Office Cellphone PC Ect.",$26.99
"havit H655BT Hybrid Active Noise Cancelling Headphones for Airplane Travel, Wireless Over Ear Bluetooth Headphones, 76H Playtime, Hi-Res Audio, Super Bass via App, 5 Mic for Noise Cancelling",$34.06
"Apple EarPods Headphones with Lightning Connector, Wired Ear Buds for iPhone with Built-in Remote to Control Music, Phone Calls, and Volume",$76.23
"Sponsored Ad - Amazon Basics Bluetooth Headphones with Microphone, Wireless, On Ear, 35 Hour Playtime, Foldable, One Size, Black",$15.96
"Sony ZX Series Wired On-Ear Headphones, Black MDR-ZX110",$24.59
"Bluetooth Headphones with RGB Lights, Foldable Wireless Over-Ear Headphones with Hidden Mic for Cell Phone, PC, Laptop, Suitable for Music, School, Workouts, and Gaming (Blue)",$49.99
Wireless Earbuds Bluetooth Headphones 80hrs Playback Ear Buds Power Display with Noise Canceling Mic Headsets for Sports/Workout/Running - Black,$79.96
"Open Ear Headphones-5.4 Bluetooth Sport Earbuds with Mic, Bluetooth Headphones with Multi-Angle Adjustment Ear Hooks, 7H Playtime Running Sport Wireless Bluetooth Headset for Android/iOS White",$23.98
"Sponsored Ad - LORELEI X6 Over-Ear Headphones with Microphone, Lightweight Foldable & Portable Stereo Bass Headphones with 1.45M No-Tangle, Wired Headphones for Smartphone Tablet MP3 / 4 (Space Black)",$39.99
"Antool Wired Earbuds,【Ultra Clear Calls & no Noise】 Headphones Earbuds Wired 3.5mm, in-Ear Earphones with Mic, Compatible with iPhone/iPad/Android/Laptop/PC 【2 Pack】",$16.99
"Sony WH-CH520 Wireless Headphones Bluetooth On-Ear Headset with Microphone, Blue",$9.99
"Soundcore by Anker Q20i Hybrid Active Noise Cancelling Headphones, Wireless Over-Ear Bluetooth, 40H Long ANC Playtime, Hi-Res Audio, Big Bass, Customize via an App, Transparency Mode (White)",$59.99
"Sony WH-CH720N Noise Canceling Wireless Headphones Bluetooth Over The Ear Headset with Microphone and Alexa Built-in, Black New",$49.99
"KVIDIO Bluetooth Headphones Over Ear, 65 Hours Playtime Wireless Headphones with Microphone, Foldable Lightweight Headset with Deep Bass, HiFi Stereo Sound for Travel Work Cellphone",$32.99
"Apple AirPods Pro 2 Wireless Earbuds, Active Noise Cancellation, Hearing Aid Feature, Bluetooth Headphones, Transparency, Personalized Spatial Audio, High-Fidelity Sound, H2 Chip, USB-C Charging",$19.98
"JBL Vibe Beam - True Wireless JBL Deep Bass Sound Earbuds, Bluetooth 5.2, Water & Dust Resistant, Hands-free call with VoiceAware, Up to 32 hours of battery life (Black)",$199.00
"Sony MDREX15AP In-Ear Earbud Headphones with Mic, Black (MDREX15AP/B)",$49.95
"Sponsored Ad - Headphones Wired with Microphone, Over Ear Foldable Headphones with 4.9ft Tangle-Free Nylon Cord, 3.5mm Plug in Headphones for Smartphone,Tablet,Computer,MP3/4 (Black)",$9.99
"Wireless Earbuds Bluetooth 5.4 Headphones 75H Playtime Stereo Deep Bass Sports Ear Buds with Earhooks, LED Display Bluetooth Earbuds with 4 ENC Mic, IP7 Waterproof Earphone for Workout/Running, Black",$16.99
OneOdio Wired Over Ear Headphones Hi-Res Studio Monitor & Mixing DJ Stereo Headsets with 50mm Drivers and 1/4 to 3.5mm Jack for AMP Computer Recording Podcast Keyboard Guitar Laptop - Black,$129.99
"Beats Solo 4 - Wireless Bluetooth On-Ear Headphones, Apple & Android Compatible, Up to 50 Hours of Battery Life - Matte Black",$32.99
"Logitech H390 Wired Headset for PC/Laptop, Stereo Headphones with Noise Cancelling Microphone, USB-A, in-Line Controls for Video Meetings, Music, Gaming and Beyond - Black",$199.00
"Beats Studio Pro - Wireless Bluetooth Noise Cancelling Headphones - Personalized Spatial Audio, USB-C Lossless Audio, Apple & Android Compatibility, Up to 40 Hours Battery Life - Black",$24.99
"JBL Tune 770NC - Adaptive Noise Cancelling with Smart Ambient Wireless Over-Ear Headphones, Bluetooth 5.3, Up to 70H Battery Life with Speed Charge, Lightweight, Comfortable & Foldable Design (Black)",$249.99
"Apple AirPods 4 Wireless Earbuds, Bluetooth Headphones, Personalized Spatial Audio, Sweat and Water Resistant, USB-C Charging Case, H2 Chip, Up to 30 Hours of Battery Life, Effortless Setup for iPhone",$129.95
"Boean Bluetooth Headphones, Wireless Headphones with 16 Hours Playtime Bluetooth 5.3 Wireless Earbuds HD Deep Bass Stereo Sound Isolation IPX7 Waterproof Earphones for Workout Running Sports",$119.00
